email,password
kglenton0@techcrunch.com,jJ0)tfDb(J
channa1@hp.com,iN0/l!jt'
opreist2@google.co.uk,tJ0`_~ZgJX.J
edani3@ihg.com,"yF8.ZXW@4<,*"
bportman4@purevolume.com,bW5?=Q){sUPA
elongmire5@state.tx.us,nR8)?%funJ
troyal6@vinaora.com,"uC8<C,01FPG"
hconkay7@wired.com,yP0\\ylGkfX
ndelacroux8@mac.com,tL6&)DRP3r
kkulic9@gravatar.com,gZ7?42YMmUj4=6+J
sbonallicka@washingtonpost.com,"uJ4""|ZCF,"
wyterb@surveymonkey.com,yE4{3y?fX0iqOeX
rcrummiec@tmall.com,"nD6.%#Z""mTn3Netn"
cfoxtend@opensource.org,jB2)}sKV==S
gcurriee@nytimes.com,"pP4%sul$""Jk#"
lpendrillf@skype.com,iO9\#6Nm+s(ks5
bsahnowg@alexa.com,dT9./HDB`r.u
sambrogioh@ibm.com,fS1+fJRwqoF2cLy
shandslipi@ehow.com,sR7%+PJ=Tb
erallingsj@weibo.com,cO3}@m#e_Z
mluchettik@state.gov,jV9*><J$tdZD=E
vbilsfordl@patch.com,tF2|=V2U5L*o3
ydodworthm@usnews.com,"fJ2(TA1J""HS)aOr"
sclethron@abc.net.au,cY0/8Vc'g?8<K<w
galbroo@acquirethisname.com,vH8~fEB\IGhFQ~=r
tvannp@wikia.com,"aT5""3X\v6KvrtC"
sduddinq@issuu.com,iY4#`'3ex
gfenelowr@lycos.com,lZ4|6BLKOc6<b\2!
lbrends@cpanel.net,rR9*Cpo1/=q
woneillt@earthlink.net,tH2!.Xx<oj|u/mN&
ldurieu@wikimedia.org,"mV5,EM1h5E)"
psawneyv@moonfruit.com,gV2\<DF`b}$Oy&u
pquaylew@youtube.com,iZ0|bNDA
bcroyserx@merriam-webster.com,"eL3@qz7BwXi,.T&"
itrumpetery@kickstarter.com,fY5?=Y5bP79`}+oJ
dmericz@elpais.com,pM9=wHn>*MF_T
bbirrell10@oracle.com,sF7$S6zME.XyD2g
aloveless11@google.co.jp,dH0)L!).<!Cw5U
jplott12@goo.ne.jp,"xC5,teHh)Pd"
tmougel13@t.co,"uH3*""0x(g3?M"
biacoboni14@canalblog.com,yP5*SlwDx
gskace15@google.fr,jW9{D@o*#t7n`~2
taberdalgy16@biblegateway.com,uQ1.@\b.O=Hq
levenden17@xing.com,yQ7@e'7!
tshakesbye18@apache.org,"dW0&YOcKS""FX|t&"
mfevers19@goo.ne.jp,tB4}`7h'r
amccuffie1a@shareasale.com,oK9@PY9`
astanmore1b@census.gov,"xX2}p+SaS8~""`s}?"
thoulston1c@blog.com,pR6}7mE.ZdInQ.G
cforgan1d@vistaprint.com,"sP4',r_?$$dPr6X"
lgerok1e@ed.gov,cZ6}W!oG1bfw
eduggon1f@dagondesign.com,"vD7*l=0SE*g,"
tcobon1g@miitbeian.gov.cn,jG4>+IR93E?$I
cibbotson1h@nbcnews.com,fA6|i.V\r$'3
ebutton1i@tamu.edu,"uZ8""""AFgkSbI"
rpithie1j@istockphoto.com,cB7\R&Os$$Y
aforlonge1k@livejournal.com,wL1}(J\O+VRY#8D
cfarnan1l@icio.us,oT3.i$32{A|J
bwestcarr1m@slideshare.net,oJ5'h3cnd'BIU(r&
dcarlesi1n@aboutads.info,lJ8<wwt$q@XOT
solfert1o@4shared.com,rB8&3t%4u
shavvock1p@usda.gov,rL3<y*bXhs|E
rcolnett1q@biglobe.ne.jp,"rK0)66*L,yob0"
fmagauran1r@noaa.gov,bM0#ia.cX
lcuttell1s@sina.com.cn,yZ1>Rfe%S&`
ddewdeny1t@walmart.com,vF7&M_k@E%K6
mrocco1u@merriam-webster.com,sI2*cE{yL}
cdurtnel1v@topsy.com,pJ0'x0miL>@
nminithorpe1w@time.com,kQ2&OGOEwba
sbladesmith1x@plala.or.jp,jB4<}tR*
tkilday1y@ifeng.com,dN4}!zi'Hzl62~~
jcoverdale1z@is.gd,lT9_Vyt3tDc`srj
wpaybody20@google.de,qN1?fu}yWo!S4
oroberto21@chicagotribune.com,iM0\IbgugVv
cocodihie22@alexa.com,uM3!y/+wp@v
dvickors23@sphinn.com,"tJ9""&&.Tg=7~S"
icottill24@bravesites.com,zN2_ONpM/vP5C~I
ptorrejon25@ezinearticles.com,cW1)i68AW'IRyY
sbestar26@indiegogo.com,gH5<b|Kru)!vo'
ajosefsson27@salon.com,hC8$Riej6J7#sdCb
drycraft28@msn.com,"aW2(\""+QW""PFu}Y>"
adunphy29@purevolume.com,rX9\jZLEALR
gmacrow2a@tmall.com,"gE0&Ls""+)RnFl}"
emackilroe2b@alexa.com,vD6(lc_{NxiHp{
kpaulitschke2c@simplemachines.org,nY9!C{$UJ@j
mfoote2d@techcrunch.com,mX5?~@8kH''K_/
dpaoloni2e@salon.com,dY8'`J/!
jbigglestone2f@sphinn.com,tF8>l6Lb{3rk3Bb!
tkyme2g@is.gd,hO7*0mS5mGfU78oO
aseven2h@shop-pro.jp,"lJ6~wAbhJGs,D"
jbahde2i@phpbb.com,iN5|X'XRs~
wwartnaby2j@surveymonkey.com,"aS4}Ve>""ED"
mkenshole2k@netscape.com,"yA4_.k7OmhN(t""K"
ymacrory2l@cnn.com,"oP2,h_(?Vc.yZ"
cgoldfinch2m@mapquest.com,"pQ1$$aIuzd="""
dadame2n@printfriendly.com,uB7$73qWvn\E%08
ssilvester2o@youtube.com,bP1_Nph_='?<i
lagostini2p@wisc.edu,iL0)2`L!2qDok@eV
wpeyes2q@uol.com.br,hR1@zIi_
eguilayn2r@icq.com,yP1>8ei@6Qkw
